#-------------------------------------------------------#
# Contributors to Phantom, updated automatically using  #
#                                                       #
#  git shortlog -s -n -e | cut -f 2                     #
#                                                       #
# Edit .mailmap if your name or email are wrong         #
#-------------------------------------------------------#
Daniel Price <daniel.price@monash.edu>
Conrad Chan <conrad.chan@monash.edu>
James Wurster <j.wurster@exeter.ac.uk>
Daniel Mentiplay <daniel.mentiplay@monash.edu>
Mark Hutchison <markahutch@gmail.com>
Arnaud Vericel <arnaud.vericel@univ-lyon1.fr>
David Liptai <dliptai@hotmail.com>
Terrence Tricco <ttricco@cita.utoronto.ca>
David Liptai <david.liptai@monash.edu>
Bec Nealon <rebecca.nealon@leicester.ac.uk>
Christophe Pinte <christophe.pinte@univ-grenoble-alpes.fr>
Giovanni Dipierro <giovanni.dipierro@leicester.ac.uk>
Hauke Worpel <hworpel@aip.de>
Simon Glover <glover@uni-heidelberg.de>
Thomas Reichardt <thomas.reichardt@students.mq.edu.au>
Lionel <lionel.siess@astro.ulb.ac.be>
Roberto Iaconi <robertoiaconi1@gmail.com>
Jean-François Gonzalez <Jean-Francois.Gonzalez@ens-lyon.fr>
Enrico Ragusa <enr.ragusa@gmail.com>
Christopher Russell <crussell@udel.edu>
Alessia Franchini <alessia.franchini@unlv.edu>
Alex Pettitt <alex@astro1.sci.hokudai.ac.jp>
Lionel Siess <lionel.siess@astro.ulb.ac.be>
Enrico Ragusa <er198@leicester.ac.uk>
Nicole Rodrigues <nicole.rodrigues@monash.edu>
Kieran Hirsh <kieran.hirsh1@monash.edu>
Nicolas Cuello <cuellonicolas@gmail.com>
Sergei Biriukov <svbiriukov@gmail.com>
Chris Nixon <cjn@leicester.ac.uk>
Hauke Worpel <hauke@ursa.aip.de>
Zachary Pellow <zpel1@student.monash.edu>
Giulia Ballabio <giulia.ballabio2@studenti.unimi.it>
Orsola De Marco <orsola.demarco@mq.edu.au>
Rebecca Nealon <rebecca.nealon@leicester.ac.uk>
Jorge Cuadra <jcuadra@astro.puc.cl>
Lionel Siess <Lionel.Siess@ulb.ac.be>
Cox, Samuel <sc676@leicester.ac.uk>
Steven Rieder <steven@rieder.nl>
Stéven Toupin <steven.toupin@gmail.com>
Hauke WOrpel <hworpel@aip.de>
Alison Young <ayoung@astro.ex.ac.uk>
Nealon <rln12@ph-tag-pgr1.uol.le.ac.uk>
